review,label
The product quality is excellent and it works perfectly.,positive
I am very happy with this purchase and would recommend it.,positive
The item looks exactly like the pictures and feels well made.,positive
Great product for the price. I am satisfied with my purchase.,positive
The product arrived on time and works better than expected.,positive
I love the design and the quality is better than I expected.,positive
This is one of the best purchases I have made recently.,positive
The item is easy to use and performs very well.,positive
Excellent quality and fast delivery. I have no complaints.,positive
"The product is durable, useful, and worth the money.",positive
I am impressed with how well this product works.,positive
Everything was as described and the product feels premium.,positive
Very happy with the performance and overall quality.,positive
The product exceeded my expectations. Highly recommended.,positive
Good value for money and the item works perfectly.,positive
"I really like this product. It is simple, useful, and reliable.",positive
The quality is fantastic and I would buy it again.,positive
Perfect product for my needs. It arrived in excellent condition.,positive
This item is much better than I expected for the price.,positive
I am satisfied with the purchase and the product works great.,positive
Excellent item with a nice design and strong build quality.,positive
The product is reliable and easy to use every day.,positive
I received exactly what I ordered and I am very pleased.,positive
This purchase was worth it. The product is excellent.,positive
Very good quality and the product performs as advertised.,positive
I am impressed by the materials and the overall finish.,positive
The item works smoothly and feels very durable.,positive
Great quality product. It was packaged well and arrived safely.,positive
I have used it several times and it has worked perfectly.,positive
Fantastic purchase. The product is practical and well designed.,positive
The product is easy to operate and has been very reliable.,positive
I am happy with the quality and the reasonable price.,positive
This item feels sturdy and works exactly as described.,positive
Excellent purchase. I have recommended it to my friends.,positive
The product is comfortable to use and the quality is impressive.,positive
Very satisfied with this item. It does exactly what I need.,positive
The product arrived in perfect condition and works beautifully.,positive
I expected good quality and this product delivered.,positive
Really useful product and excellent overall performance.,positive
"I like everything about this item, especially the build quality.",positive
The item is affordable and still feels high quality.,positive
This product has made my daily routine much easier.,positive
Great purchase with excellent quality and dependable performance.,positive
I am pleasantly surprised by how good this product is.,positive
The product looks great and functions without any problems.,positive
Very pleased with the purchase. The item is exactly as described.,positive
This is a high-quality product and definitely worth buying.,positive
The product performs consistently and feels well constructed.,positive
I would happily purchase this product again.,positive
Excellent experience with the product. It is useful and reliable.,positive
The product quality is very poor and it stopped working quickly.,negative
I regret buying this item because it does not work properly.,negative
The product looks cheap and feels poorly made.,negative
Very disappointed with this purchase. The item is not useful.,negative
The product arrived late and was not working when I opened it.,negative
"The design looks good, but the quality is terrible.",negative
This is one of the worst purchases I have made.,negative
The item is difficult to use and does not perform well.,negative
Poor quality and disappointing performance. I would not recommend it.,negative
The product feels fragile and definitely not worth the money.,negative
I am disappointed with how badly this product works.,negative
The item was different from the description and feels cheap.,negative
Very unhappy with the performance and overall quality.,negative
The product did not meet my expectations at all.,negative
Bad value for money. The item stopped working after a few days.,negative
I do not like this product. It is unreliable and frustrating to use.,negative
The quality is terrible and I would not buy it again.,negative
The product arrived damaged and cannot be used properly.,negative
This item is much worse than I expected for the price.,negative
I am not satisfied with the purchase and the product works poorly.,negative
Poor quality item with a weak design and bad build.,negative
The product is unreliable and difficult to use every day.,negative
I received an item that does not match what I ordered.,negative
This purchase was a waste of money. The product is disappointing.,negative
The item does not perform as advertised and feels low quality.,negative
I am disappointed by the materials and the poor finish.,negative
The product stopped working after only a few uses.,negative
Bad quality product. It was poorly packaged and arrived damaged.,negative
I have used it several times and it keeps failing.,negative
Terrible purchase. The product is impractical and poorly designed.,negative
The product is hard to operate and has been unreliable.,negative
I am unhappy with the quality and the high price.,negative
This item feels weak and does not work as described.,negative
Very disappointing purchase. I would not recommend this product.,negative
The product is uncomfortable to use and the quality is poor.,negative
I am not satisfied with this item. It does not do what I need.,negative
The product arrived damaged and performs badly.,negative
I expected much better quality from this product.,negative
This product is not useful and the performance is poor.,negative
"I dislike this item, especially because of its weak build quality.",negative
The item is expensive but still feels very low quality.,negative
This product has made my daily routine more difficult.,negative
Poor purchase with disappointing quality and unreliable performance.,negative
"I expected better, but this product is a major disappointment.",negative
The product looks bad and has several performance problems.,negative
Very unhappy with the purchase. The item is not as described.,negative
This is a low-quality product and not worth buying.,negative
The product performs inconsistently and feels poorly constructed.,negative
I would not purchase this product again.,negative
"The item is disappointing, poorly made, and not worth the money.",negative
